event,nSpacePoints,nBuckets,nPatterns,totalTime_us,sample,implementation,suffix,isFirst
0,65,6,2,30701,PG0,cpu,_r01,True
1,74,8,3,32603,PG0,cpu,_r01,False
2,74,6,2,18537,PG0,cpu,_r01,False
3,62,5,1,20299,PG0,cpu,_r01,False
4,50,6,1,26258,PG0,cpu,_r01,False
5,102,6,2,70858,PG0,cpu,_r01,False
6,92,6,2,47317,PG0,cpu,_r01,False
7,49,3,1,26339,PG0,cpu,_r01,False
8,49,5,2,16757,PG0,cpu,_r01,False
9,157,6,2,195383,PG0,cpu,_r01,False
10,116,8,2,55101,PG0,cpu,_r01,False
11,66,6,1,20790,PG0,cpu,_r01,False
12,90,7,2,109424,PG0,cpu,_r01,False
13,32,4,1,8852,PG0,cpu,_r01,False
14,80,7,2,48093,PG0,cpu,_r01,False
15,114,7,2,59464,PG0,cpu,_r01,False
16,78,6,2,49438,PG0,cpu,_r01,False
17,89,8,3,48211,PG0,cpu,_r01,False
18,54,5,3,21345,PG0,cpu,_r01,False
19,90,6,2,54117,PG0,cpu,_r01,False
20,76,5,2,48763,PG0,cpu,_r01,False
21,57,5,1,16176,PG0,cpu,_r01,False
22,92,8,4,41309,PG0,cpu,_r01,False
23,113,14,1,41144,PG0,cpu,_r01,False
24,73,6,2,26629,PG0,cpu,_r01,False
25,84,6,2,52769,PG0,cpu,_r01,False
26,95,7,2,61567,PG0,cpu,_r01,False
27,68,7,3,64071,PG0,cpu,_r01,False
28,71,7,1,21323,PG0,cpu,_r01,False
29,76,6,2,19365,PG0,cpu,_r01,False
30,96,8,2,37461,PG0,cpu,_r01,False
31,54,5,2,22566,PG0,cpu,_r01,False
32,70,6,1,47177,PG0,cpu,_r01,False
33,90,6,3,53410,PG0,cpu,_r01,False
34,62,7,2,24961,PG0,cpu,_r01,False
35,222,10,2,162890,PG0,cpu,_r01,False
36,86,8,2,38652,PG0,cpu,_r01,False
37,111,9,2,89410,PG0,cpu,_r01,False
38,81,7,2,45610,PG0,cpu,_r01,False
39,122,10,3,99891,PG0,cpu,_r01,False
40,96,7,3,44444,PG0,cpu,_r01,False
41,28,3,1,6058,PG0,cpu,_r01,False
42,79,6,2,25223,PG0,cpu,_r01,False
43,109,6,2,74242,PG0,cpu,_r01,False
44,56,6,2,26815,PG0,cpu,_r01,False
45,82,6,1,46608,PG0,cpu,_r01,False
46,88,9,2,39764,PG0,cpu,_r01,False
47,71,7,2,31611,PG0,cpu,_r01,False
48,94,7,2,49787,PG0,cpu,_r01,False
49,64,5,2,41388,PG0,cpu,_r01,False
50,81,7,2,47563,PG0,cpu,_r01,False
51,117,6,2,98926,PG0,cpu,_r01,False
52,76,6,2,32257,PG0,cpu,_r01,False
53,69,6,2,36024,PG0,cpu,_r01,False
54,69,6,1,26390,PG0,cpu,_r01,False
55,120,8,2,35315,PG0,cpu,_r01,False
56,72,7,2,23118,PG0,cpu,_r01,False
57,96,9,2,53225,PG0,cpu,_r01,False
58,86,7,2,43987,PG0,cpu,_r01,False
59,76,8,3,44406,PG0,cpu,_r01,False
60,91,9,3,53124,PG0,cpu,_r01,False
61,102,8,2,55899,PG0,cpu,_r01,False
62,52,7,1,6831,PG0,cpu,_r01,False
63,84,7,2,42707,PG0,cpu,_r01,False
64,86,7,1,19561,PG0,cpu,_r01,False
65,127,8,2,227600,PG0,cpu,_r01,False
66,91,6,2,82549,PG0,cpu,_r01,False
67,79,6,2,31468,PG0,cpu,_r01,False
68,85,6,2,55642,PG0,cpu,_r01,False
69,98,9,3,40115,PG0,cpu,_r01,False
70,109,8,2,43911,PG0,cpu,_r01,False
71,45,4,1,21858,PG0,cpu,_r01,False
72,117,10,2,81350,PG0,cpu,_r01,False
73,73,5,1,43574,PG0,cpu,_r01,False
74,99,8,2,100751,PG0,cpu,_r01,False
75,95,9,2,46320,PG0,cpu,_r01,False
76,101,9,2,74805,PG0,cpu,_r01,False
77,98,6,2,28497,PG0,cpu,_r01,False
78,85,9,3,40297,PG0,cpu,_r01,False
79,127,6,2,179496,PG0,cpu,_r01,False
80,123,7,2,88119,PG0,cpu,_r01,False
81,101,7,2,61489,PG0,cpu,_r01,False
82,78,6,2,37142,PG0,cpu,_r01,False
83,95,9,2,27890,PG0,cpu,_r01,False
84,63,6,2,31960,PG0,cpu,_r01,False
85,90,6,2,39697,PG0,cpu,_r01,False
86,136,7,2,90634,PG0,cpu,_r01,False
87,106,10,3,42188,PG0,cpu,_r01,False
88,77,6,2,42804,PG0,cpu,_r01,False
89,95,12,2,29211,PG0,cpu,_r01,False
90,92,7,2,64584,PG0,cpu,_r01,False
91,88,8,3,16320,PG0,cpu,_r01,False
92,99,8,2,41152,PG0,cpu,_r01,False
93,49,5,2,30218,PG0,cpu,_r01,False
94,92,8,2,44880,PG0,cpu,_r01,False
95,76,6,2,39908,PG0,cpu,_r01,False
96,76,6,2,26374,PG0,cpu,_r01,False
97,141,7,2,167228,PG0,cpu,_r01,False
98,81,10,2,67737,PG0,cpu,_r01,False
99,133,11,2,54251,PG0,cpu,_r01,False
100,68,8,2,33399,PG0,cpu,_r01,False
101,88,7,2,44575,PG0,cpu,_r01,False
102,106,6,2,77251,PG0,cpu,_r01,False
103,91,8,2,41406,PG0,cpu,_r01,False
104,95,10,2,87770,PG0,cpu,_r01,False
105,57,6,2,15099,PG0,cpu,_r01,False
106,98,9,1,29374,PG0,cpu,_r01,False
107,149,9,2,112466,PG0,cpu,_r01,False
108,91,6,2,70138,PG0,cpu,_r01,False
109,63,7,2,29935,PG0,cpu,_r01,False
110,76,6,2,31753,PG0,cpu,_r01,False
111,66,6,2,23004,PG0,cpu,_r01,False
112,89,7,2,45068,PG0,cpu,_r01,False
113,52,6,2,13425,PG0,cpu,_r01,False
114,89,8,1,85554,PG0,cpu,_r01,False
115,69,6,2,27404,PG0,cpu,_r01,False
116,84,6,2,41022,PG0,cpu,_r01,False
117,123,11,5,54883,PG0,cpu,_r01,False
118,103,7,2,80813,PG0,cpu,_r01,False
119,90,6,2,59437,PG0,cpu,_r01,False
120,73,7,2,28261,PG0,cpu,_r01,False
121,88,9,2,54050,PG0,cpu,_r01,False
122,125,9,2,42597,PG0,cpu,_r01,False
123,99,8,2,30911,PG0,cpu,_r01,False
124,101,6,2,44378,PG0,cpu,_r01,False
125,104,6,2,45627,PG0,cpu,_r01,False
126,107,10,2,54455,PG0,cpu,_r01,False
127,75,10,2,55484,PG0,cpu,_r01,False
128,184,8,3,184542,PG0,cpu,_r01,False
129,71,8,2,29931,PG0,cpu,_r01,False
130,83,6,2,36966,PG0,cpu,_r01,False
131,68,6,2,26458,PG0,cpu,_r01,False
132,195,4,1,852623,PG0,cpu,_r01,False
133,140,8,2,65337,PG0,cpu,_r01,False
134,68,6,2,26297,PG0,cpu,_r01,False
135,97,8,2,70999,PG0,cpu,_r01,False
136,787,21,5,540370,PG0,cpu,_r01,False
137,89,6,2,47752,PG0,cpu,_r01,False
138,103,8,3,47531,PG0,cpu,_r01,False
139,79,8,2,55169,PG0,cpu,_r01,False
140,207,10,2,185343,PG0,cpu,_r01,False
141,86,7,2,75007,PG0,cpu,_r01,False
142,46,3,1,11917,PG0,cpu,_r01,False
143,93,6,2,53253,PG0,cpu,_r01,False
144,87,6,2,52669,PG0,cpu,_r01,False
145,94,8,2,38412,PG0,cpu,_r01,False
146,64,8,2,12997,PG0,cpu,_r01,False
147,81,6,2,42266,PG0,cpu,_r01,False
148,98,7,2,113419,PG0,cpu,_r01,False
149,81,6,2,55602,PG0,cpu,_r01,False
150,68,8,1,8749,PG0,cpu,_r01,False
151,107,7,2,48048,PG0,cpu,_r01,False
152,104,9,2,64734,PG0,cpu,_r01,False
153,75,6,2,27241,PG0,cpu,_r01,False
154,57,6,1,27280,PG0,cpu,_r01,False
155,71,7,2,28563,PG0,cpu,_r01,False
156,131,10,2,45712,PG0,cpu,_r01,False
157,79,7,2,32032,PG0,cpu,_r01,False
158,82,6,2,48112,PG0,cpu,_r01,False
159,97,9,3,76453,PG0,cpu,_r01,False
160,116,7,2,70826,PG0,cpu,_r01,False
161,89,6,2,43864,PG0,cpu,_r01,False
162,81,8,2,67712,PG0,cpu,_r01,False
163,62,5,1,16044,PG0,cpu,_r01,False
164,85,7,2,16904,PG0,cpu,_r01,False
165,106,6,4,165154,PG0,cpu,_r01,False
166,65,6,2,32072,PG0,cpu,_r01,False
167,94,8,1,17827,PG0,cpu,_r01,False
168,90,7,4,33137,PG0,cpu,_r01,False
169,79,8,2,23631,PG0,cpu,_r01,False
170,100,9,2,64112,PG0,cpu,_r01,False
171,94,9,3,42993,PG0,cpu,_r01,False
172,63,5,1,14943,PG0,cpu,_r01,False
173,74,7,2,25358,PG0,cpu,_r01,False
174,80,7,2,89077,PG0,cpu,_r01,False
175,46,5,2,9585,PG0,cpu,_r01,False
176,139,8,2,137593,PG0,cpu,_r01,False
177,86,6,2,37301,PG0,cpu,_r01,False
178,33,3,1,11971,PG0,cpu,_r01,False
179,75,6,2,36754,PG0,cpu,_r01,False
180,65,7,1,8564,PG0,cpu,_r01,False
181,67,6,1,37722,PG0,cpu,_r01,False
182,98,8,1,35089,PG0,cpu,_r01,False
183,63,7,2,16824,PG0,cpu,_r01,False
184,67,6,1,12027,PG0,cpu,_r01,False
185,94,8,1,20554,PG0,cpu,_r01,False
186,87,6,2,43131,PG0,cpu,_r01,False
187,61,6,2,25610,PG0,cpu,_r01,False
188,78,6,2,14796,PG0,cpu,_r01,False
189,84,6,2,40608,PG0,cpu,_r01,False
190,70,8,2,28730,PG0,cpu,_r01,False
191,58,4,1,25702,PG0,cpu,_r01,False
192,78,6,1,10520,PG0,cpu,_r01,False
193,107,9,2,46574,PG0,cpu,_r01,False
194,60,6,1,10163,PG0,cpu,_r01,False
195,52,6,1,7058,PG0,cpu,_r01,False
196,95,8,2,53217,PG0,cpu,_r01,False
197,95,9,3,72296,PG0,cpu,_r01,False
198,128,7,2,133015,PG0,cpu,_r01,False
199,99,7,3,28370,PG0,cpu,_r01,False
200,54,6,1,8407,PG0,cpu,_r01,False
201,86,8,1,19112,PG0,cpu,_r01,False
202,107,6,2,42546,PG0,cpu,_r01,False
203,75,7,2,22942,PG0,cpu,_r01,False
204,86,6,2,72336,PG0,cpu,_r01,False
205,48,5,2,11485,PG0,cpu,_r01,False
206,72,6,2,65842,PG0,cpu,_r01,False
207,62,8,1,18708,PG0,cpu,_r01,False
208,76,6,2,37983,PG0,cpu,_r01,False
209,126,9,2,76404,PG0,cpu,_r01,False
210,119,9,5,55873,PG0,cpu,_r01,False
211,149,13,2,129614,PG0,cpu,_r01,False
212,102,9,2,138024,PG0,cpu,_r01,False
213,87,9,1,63922,PG0,cpu,_r01,False
214,111,7,2,54388,PG0,cpu,_r01,False
215,87,6,2,49967,PG0,cpu,_r01,False
216,80,6,3,85165,PG0,cpu,_r01,False
217,92,8,2,85036,PG0,cpu,_r01,False
218,115,9,3,79404,PG0,cpu,_r01,False
219,73,6,2,25088,PG0,cpu,_r01,False
220,84,8,2,59788,PG0,cpu,_r01,False
221,85,8,2,69959,PG0,cpu,_r01,False
222,77,6,2,17781,PG0,cpu,_r01,False
223,85,6,2,43573,PG0,cpu,_r01,False
224,81,9,4,29519,PG0,cpu,_r01,False
225,88,6,2,51529,PG0,cpu,_r01,False
226,65,7,2,32431,PG0,cpu,_r01,False
227,77,8,2,33680,PG0,cpu,_r01,False
228,96,8,3,40247,PG0,cpu,_r01,False
229,65,6,2,17265,PG0,cpu,_r01,False
230,109,8,2,49447,PG0,cpu,_r01,False
231,105,7,2,52392,PG0,cpu,_r01,False
232,157,12,2,337614,PG0,cpu,_r01,False
233,97,9,2,71685,PG0,cpu,_r01,False
234,88,7,3,36527,PG0,cpu,_r01,False
235,74,6,2,38369,PG0,cpu,_r01,False
236,73,5,2,35276,PG0,cpu,_r01,False
237,67,7,2,49364,PG0,cpu,_r01,False
238,62,6,2,22320,PG0,cpu,_r01,False
239,88,7,2,67429,PG0,cpu,_r01,False
240,117,11,3,71022,PG0,cpu,_r01,False
241,43,3,1,8161,PG0,cpu,_r01,False
242,76,6,1,23309,PG0,cpu,_r01,False
243,173,7,2,81743,PG0,cpu,_r01,False
244,76,8,1,18353,PG0,cpu,_r01,False
245,99,9,3,56783,PG0,cpu,_r01,False
246,95,8,2,39124,PG0,cpu,_r01,False
247,75,6,2,27067,PG0,cpu,_r01,False
248,89,8,2,69247,PG0,cpu,_r01,False
249,49,6,1,10120,PG0,cpu,_r01,False
250,67,6,2,25861,PG0,cpu,_r01,False
251,101,7,2,52770,PG0,cpu,_r01,False
252,44,5,2,17336,PG0,cpu,_r01,False
253,60,6,2,18853,PG0,cpu,_r01,False
254,70,6,1,30018,PG0,cpu,_r01,False
255,98,7,2,36180,PG0,cpu,_r01,False
256,96,9,2,55778,PG0,cpu,_r01,False
257,68,6,2,31066,PG0,cpu,_r01,False
258,81,7,2,35159,PG0,cpu,_r01,False
259,78,6,2,26852,PG0,cpu,_r01,False
260,94,10,3,36902,PG0,cpu,_r01,False
261,65,6,2,25458,PG0,cpu,_r01,False
262,107,9,2,67602,PG0,cpu,_r01,False
263,61,6,1,14613,PG0,cpu,_r01,False
264,103,6,2,56645,PG0,cpu,_r01,False
265,59,7,2,23576,PG0,cpu,_r01,False
266,48,5,1,8605,PG0,cpu,_r01,False
267,94,8,2,76941,PG0,cpu,_r01,False
268,26,3,1,9105,PG0,cpu,_r01,False
269,60,6,2,23581,PG0,cpu,_r01,False
270,79,6,2,51980,PG0,cpu,_r01,False
271,66,6,3,22727,PG0,cpu,_r01,False
272,72,6,2,23601,PG0,cpu,_r01,False
273,87,6,2,39946,PG0,cpu,_r01,False
274,94,7,2,64241,PG0,cpu,_r01,False
275,83,6,2,24683,PG0,cpu,_r01,False
276,72,8,2,45313,PG0,cpu,_r01,False
277,219,12,2,228310,PG0,cpu,_r01,False
278,60,7,1,16906,PG0,cpu,_r01,False
279,83,9,1,61621,PG0,cpu,_r01,False
280,120,10,3,61444,PG0,cpu,_r01,False
281,71,5,1,41268,PG0,cpu,_r01,False
282,83,6,2,37838,PG0,cpu,_r01,False
283,102,9,2,50296,PG0,cpu,_r01,False
284,90,7,2,49501,PG0,cpu,_r01,False
285,62,6,2,23136,PG0,cpu,_r01,False
286,76,6,2,30351,PG0,cpu,_r01,False
287,63,8,1,16893,PG0,cpu,_r01,False
288,101,7,2,109288,PG0,cpu,_r01,False
289,102,6,3,68154,PG0,cpu,_r01,False
290,69,6,2,33492,PG0,cpu,_r01,False
291,58,6,1,8418,PG0,cpu,_r01,False
292,81,6,1,26915,PG0,cpu,_r01,False
293,70,6,2,45462,PG0,cpu,_r01,False
294,155,7,2,48777,PG0,cpu,_r01,False
295,65,7,2,22869,PG0,cpu,_r01,False
296,69,6,2,30848,PG0,cpu,_r01,False
297,103,7,2,96128,PG0,cpu,_r01,False
298,62,7,2,16144,PG0,cpu,_r01,False
299,79,7,1,16117,PG0,cpu,_r01,False
300,81,7,2,19431,PG0,cpu,_r01,False
301,122,7,2,74266,PG0,cpu,_r01,False
302,87,6,2,66808,PG0,cpu,_r01,False
303,67,8,1,31205,PG0,cpu,_r01,False
304,60,6,1,18099,PG0,cpu,_r01,False
305,85,8,1,57428,PG0,cpu,_r01,False
306,84,7,2,61391,PG0,cpu,_r01,False
307,97,8,3,21787,PG0,cpu,_r01,False
308,113,11,2,58518,PG0,cpu,_r01,False
309,81,7,2,36046,PG0,cpu,_r01,False
310,75,6,2,30240,PG0,cpu,_r01,False
311,52,6,1,8179,PG0,cpu,_r01,False
312,70,6,2,29935,PG0,cpu,_r01,False
313,69,8,1,7613,PG0,cpu,_r01,False
314,88,6,2,104424,PG0,cpu,_r01,False
315,101,6,2,33775,PG0,cpu,_r01,False
316,96,9,2,66129,PG0,cpu,_r01,False
317,68,6,2,27116,PG0,cpu,_r01,False
318,72,6,2,30115,PG0,cpu,_r01,False
319,57,9,0,1215,PG0,cpu,_r01,False
320,74,7,6,50360,PG0,cpu,_r01,False
321,86,6,2,51973,PG0,cpu,_r01,False
322,111,6,2,225267,PG0,cpu,_r01,False
323,119,8,2,74475,PG0,cpu,_r01,False
324,126,9,2,84161,PG0,cpu,_r01,False
325,87,8,1,23757,PG0,cpu,_r01,False
326,82,8,2,51349,PG0,cpu,_r01,False
327,33,4,0,3042,PG0,cpu,_r01,False
328,71,8,2,30311,PG0,cpu,_r01,False
329,79,9,1,19477,PG0,cpu,_r01,False
330,224,14,4,85563,PG0,cpu,_r01,False
331,77,9,2,37645,PG0,cpu,_r01,False
332,84,6,2,38672,PG0,cpu,_r01,False
333,83,6,2,37398,PG0,cpu,_r01,False
334,73,6,2,27099,PG0,cpu,_r01,False
335,75,6,3,31241,PG0,cpu,_r01,False
336,65,6,2,27000,PG0,cpu,_r01,False
337,87,6,2,37832,PG0,cpu,_r01,False
338,92,6,2,57415,PG0,cpu,_r01,False
339,74,6,1,20002,PG0,cpu,_r01,False
340,82,6,2,52001,PG0,cpu,_r01,False
341,120,8,3,105651,PG0,cpu,_r01,False
342,100,9,2,37269,PG0,cpu,_r01,False
343,64,7,2,25760,PG0,cpu,_r01,False
344,89,6,2,92593,PG0,cpu,_r01,False
345,113,8,2,150554,PG0,cpu,_r01,False
346,91,6,2,47626,PG0,cpu,_r01,False
347,87,6,2,46055,PG0,cpu,_r01,False
348,108,7,4,68170,PG0,cpu,_r01,False
349,89,9,2,73938,PG0,cpu,_r01,False
350,114,7,2,99708,PG0,cpu,_r01,False
351,115,9,2,29358,PG0,cpu,_r01,False
352,98,7,2,52809,PG0,cpu,_r01,False
353,96,6,2,61862,PG0,cpu,_r01,False
354,77,6,2,32623,PG0,cpu,_r01,False
355,87,6,3,32469,PG0,cpu,_r01,False
356,72,6,1,29186,PG0,cpu,_r01,False
357,62,5,2,34455,PG0,cpu,_r01,False
358,75,6,2,24481,PG0,cpu,_r01,False
359,102,9,2,36814,PG0,cpu,_r01,False
360,76,6,2,39278,PG0,cpu,_r01,False
361,60,7,2,30248,PG0,cpu,_r01,False
362,68,8,2,33778,PG0,cpu,_r01,False
363,57,6,2,14433,PG0,cpu,_r01,False
364,82,7,2,28578,PG0,cpu,_r01,False
365,191,14,2,257978,PG0,cpu,_r01,False
366,87,6,2,61094,PG0,cpu,_r01,False
367,76,6,2,27981,PG0,cpu,_r01,False
368,131,9,2,44479,PG0,cpu,_r01,False
369,95,8,1,54932,PG0,cpu,_r01,False
370,109,7,7,46138,PG0,cpu,_r01,False
371,80,7,1,17776,PG0,cpu,_r01,False
372,272,13,6,421989,PG0,cpu,_r01,False
373,93,6,2,46786,PG0,cpu,_r01,False
374,77,7,2,30405,PG0,cpu,_r01,False
375,73,6,2,30090,PG0,cpu,_r01,False
376,129,8,2,133910,PG0,cpu,_r01,False
377,84,8,2,18929,PG0,cpu,_r01,False
378,155,8,2,102275,PG0,cpu,_r01,False
379,65,6,2,37342,PG0,cpu,_r01,False
380,67,7,2,38598,PG0,cpu,_r01,False
381,132,9,1,153760,PG0,cpu,_r01,False
382,114,7,2,53602,PG0,cpu,_r01,False
383,101,8,2,59994,PG0,cpu,_r01,False
384,54,4,1,39497,PG0,cpu,_r01,False
385,101,10,2,58580,PG0,cpu,_r01,False
386,79,9,1,12367,PG0,cpu,_r01,False
387,109,8,4,69889,PG0,cpu,_r01,False
388,83,8,1,20854,PG0,cpu,_r01,False
389,106,9,2,62359,PG0,cpu,_r01,False
390,108,12,3,35798,PG0,cpu,_r01,False
391,60,7,1,30822,PG0,cpu,_r01,False
392,85,8,2,29386,PG0,cpu,_r01,False
393,43,5,2,14675,PG0,cpu,_r01,False
394,53,6,2,17140,PG0,cpu,_r01,False
395,77,6,2,36307,PG0,cpu,_r01,False
396,22,3,1,4849,PG0,cpu,_r01,False
397,190,8,2,681096,PG0,cpu,_r01,False
398,81,8,2,33345,PG0,cpu,_r01,False
399,98,6,1,39151,PG0,cpu,_r01,False
400,91,7,2,62219,PG0,cpu,_r01,False
401,4,1,0,150,PG0,cpu,_r01,False
402,64,5,2,23358,PG0,cpu,_r01,False
403,81,7,2,30845,PG0,cpu,_r01,False
404,60,6,1,10392,PG0,cpu,_r01,False
405,90,9,2,61628,PG0,cpu,_r01,False
406,77,6,2,60665,PG0,cpu,_r01,False
407,75,7,2,30728,PG0,cpu,_r01,False
408,56,7,0,1212,PG0,cpu,_r01,False
409,93,8,2,57377,PG0,cpu,_r01,False
410,90,8,2,39931,PG0,cpu,_r01,False
411,70,5,2,35909,PG0,cpu,_r01,False
412,71,6,2,21379,PG0,cpu,_r01,False
413,71,7,2,30653,PG0,cpu,_r01,False
414,94,6,2,74742,PG0,cpu,_r01,False
415,73,7,1,18843,PG0,cpu,_r01,False
416,91,9,1,45865,PG0,cpu,_r01,False
417,79,6,2,55541,PG0,cpu,_r01,False
418,74,6,2,30142,PG0,cpu,_r01,False
419,76,5,2,51978,PG0,cpu,_r01,False
420,96,6,1,45124,PG0,cpu,_r01,False
421,126,9,1,111584,PG0,cpu,_r01,False
422,47,4,2,28147,PG0,cpu,_r01,False
423,94,6,2,170025,PG0,cpu,_r01,False
424,72,6,2,15234,PG0,cpu,_r01,False
425,103,8,2,42069,PG0,cpu,_r01,False
426,178,16,4,96461,PG0,cpu,_r01,False
427,63,6,2,22138,PG0,cpu,_r01,False
428,65,7,2,22964,PG0,cpu,_r01,False
429,75,6,2,42914,PG0,cpu,_r01,False
430,129,10,2,119606,PG0,cpu,_r01,False
431,47,3,1,21756,PG0,cpu,_r01,False
432,66,6,2,27410,PG0,cpu,_r01,False
433,88,7,3,54439,PG0,cpu,_r01,False
434,45,5,2,10687,PG0,cpu,_r01,False
435,60,6,2,8884,PG0,cpu,_r01,False
436,69,6,2,33514,PG0,cpu,_r01,False
437,83,7,2,39231,PG0,cpu,_r01,False
438,75,7,2,32270,PG0,cpu,_r01,False
439,134,6,2,322588,PG0,cpu,_r01,False
440,48,5,2,14929,PG0,cpu,_r01,False
441,59,5,1,28305,PG0,cpu,_r01,False
442,70,8,2,26841,PG0,cpu,_r01,False
443,48,6,3,16056,PG0,cpu,_r01,False
444,92,8,2,46227,PG0,cpu,_r01,False
445,87,10,2,52732,PG0,cpu,_r01,False
446,91,9,2,30138,PG0,cpu,_r01,False
447,86,6,2,38170,PG0,cpu,_r01,False
448,79,8,3,58935,PG0,cpu,_r01,False
449,95,6,2,47132,PG0,cpu,_r01,False
450,136,13,1,55511,PG0,cpu,_r01,False
451,116,10,2,19656,PG0,cpu,_r01,False
452,124,9,2,105991,PG0,cpu,_r01,False
453,123,9,2,55879,PG0,cpu,_r01,False
454,98,10,2,62160,PG0,cpu,_r01,False
455,70,7,2,53581,PG0,cpu,_r01,False
456,180,12,5,566047,PG0,cpu,_r01,False
457,62,5,2,31591,PG0,cpu,_r01,False
458,87,7,3,41149,PG0,cpu,_r01,False
459,138,6,2,268311,PG0,cpu,_r01,False
460,104,10,2,73320,PG0,cpu,_r01,False
461,116,12,1,57469,PG0,cpu,_r01,False
462,108,10,2,176246,PG0,cpu,_r01,False
463,71,6,2,26720,PG0,cpu,_r01,False
464,73,7,2,30093,PG0,cpu,_r01,False
465,89,6,2,60039,PG0,cpu,_r01,False
466,108,6,2,101566,PG0,cpu,_r01,False
467,71,8,2,42217,PG0,cpu,_r01,False
468,103,7,2,39940,PG0,cpu,_r01,False
469,71,8,2,34349,PG0,cpu,_r01,False
470,261,12,7,473418,PG0,cpu,_r01,False
471,67,6,2,52080,PG0,cpu,_r01,False
472,100,9,2,47432,PG0,cpu,_r01,False
473,72,8,2,37971,PG0,cpu,_r01,False
474,101,10,2,37829,PG0,cpu,_r01,False
475,133,10,2,106092,PG0,cpu,_r01,False
476,81,9,3,24066,PG0,cpu,_r01,False
477,109,9,3,72077,PG0,cpu,_r01,False
478,119,8,2,40535,PG0,cpu,_r01,False
479,120,10,1,42010,PG0,cpu,_r01,False
480,118,6,3,82287,PG0,cpu,_r01,False
481,84,7,2,34734,PG0,cpu,_r01,False
482,94,6,2,49907,PG0,cpu,_r01,False
483,64,6,2,25184,PG0,cpu,_r01,False
484,116,6,2,55293,PG0,cpu,_r01,False
485,254,8,1,468963,PG0,cpu,_r01,False
486,48,6,3,15217,PG0,cpu,_r01,False
487,110,7,2,115322,PG0,cpu,_r01,False
488,49,4,1,50934,PG0,cpu,_r01,False
489,76,7,2,30090,PG0,cpu,_r01,False
490,86,7,3,41662,PG0,cpu,_r01,False
491,77,6,2,23945,PG0,cpu,_r01,False
492,112,9,4,49679,PG0,cpu,_r01,False
493,55,6,2,30416,PG0,cpu,_r01,False
494,74,7,2,30740,PG0,cpu,_r01,False
495,112,6,1,122872,PG0,cpu,_r01,False
496,70,6,2,30697,PG0,cpu,_r01,False
497,98,10,2,91591,PG0,cpu,_r01,False
498,72,6,2,59792,PG0,cpu,_r01,False
499,82,6,2,63403,PG0,cpu,_r01,False
0,65,6,2,30646,PG0,cpu,_r02,True
1,74,8,3,32648,PG0,cpu,_r02,False
2,74,6,2,18550,PG0,cpu,_r02,False
3,62,5,1,20375,PG0,cpu,_r02,False
4,50,6,1,26274,PG0,cpu,_r02,False
5,102,6,2,70699,PG0,cpu,_r02,False
6,92,6,2,47344,PG0,cpu,_r02,False
7,49,3,1,26338,PG0,cpu,_r02,False
8,49,5,2,16875,PG0,cpu,_r02,False
9,157,6,2,194973,PG0,cpu,_r02,False
10,116,8,2,55214,PG0,cpu,_r02,False
11,66,6,1,20756,PG0,cpu,_r02,False
12,90,7,2,109324,PG0,cpu,_r02,False
13,32,4,1,8845,PG0,cpu,_r02,False
14,80,7,2,48136,PG0,cpu,_r02,False
15,114,7,2,59379,PG0,cpu,_r02,False
16,78,6,2,49506,PG0,cpu,_r02,False
17,89,8,3,47999,PG0,cpu,_r02,False
18,54,5,3,21338,PG0,cpu,_r02,False
19,90,6,2,54010,PG0,cpu,_r02,False
20,76,5,2,48666,PG0,cpu,_r02,False
21,57,5,1,16158,PG0,cpu,_r02,False
22,92,8,4,41265,PG0,cpu,_r02,False
23,113,14,1,41224,PG0,cpu,_r02,False
24,73,6,2,26654,PG0,cpu,_r02,False
25,84,6,2,52738,PG0,cpu,_r02,False
26,95,7,2,61638,PG0,cpu,_r02,False
27,68,7,3,64032,PG0,cpu,_r02,False
28,71,7,1,21274,PG0,cpu,_r02,False
29,76,6,2,19264,PG0,cpu,_r02,False
30,96,8,2,37442,PG0,cpu,_r02,False
31,54,5,2,22539,PG0,cpu,_r02,False
32,70,6,1,47112,PG0,cpu,_r02,False
33,90,6,3,53419,PG0,cpu,_r02,False
34,62,7,2,25050,PG0,cpu,_r02,False
35,222,10,2,162235,PG0,cpu,_r02,False
36,86,8,2,38597,PG0,cpu,_r02,False
37,111,9,2,89283,PG0,cpu,_r02,False
38,81,7,2,45618,PG0,cpu,_r02,False
39,122,10,3,99607,PG0,cpu,_r02,False
40,96,7,3,44306,PG0,cpu,_r02,False
41,28,3,1,6064,PG0,cpu,_r02,False
42,79,6,2,25265,PG0,cpu,_r02,False
43,109,6,2,74029,PG0,cpu,_r02,False
44,56,6,2,26863,PG0,cpu,_r02,False
45,82,6,1,46546,PG0,cpu,_r02,False
46,88,9,2,39709,PG0,cpu,_r02,False
47,71,7,2,31526,PG0,cpu,_r02,False
48,94,7,2,49611,PG0,cpu,_r02,False
49,64,5,2,41210,PG0,cpu,_r02,False
50,81,7,2,47484,PG0,cpu,_r02,False
51,117,6,2,98643,PG0,cpu,_r02,False
52,76,6,2,32228,PG0,cpu,_r02,False
53,69,6,2,36088,PG0,cpu,_r02,False
54,69,6,1,26347,PG0,cpu,_r02,False
55,120,8,2,35349,PG0,cpu,_r02,False
56,72,7,2,23146,PG0,cpu,_r02,False
57,96,9,2,53163,PG0,cpu,_r02,False
58,86,7,2,43887,PG0,cpu,_r02,False
59,76,8,3,44490,PG0,cpu,_r02,False
60,91,9,3,53154,PG0,cpu,_r02,False
61,102,8,2,55763,PG0,cpu,_r02,False
62,52,7,1,6830,PG0,cpu,_r02,False
63,84,7,2,42614,PG0,cpu,_r02,False
64,86,7,1,19569,PG0,cpu,_r02,False
65,127,8,2,226997,PG0,cpu,_r02,False
66,91,6,2,82237,PG0,cpu,_r02,False
67,79,6,2,31471,PG0,cpu,_r02,False
68,85,6,2,55331,PG0,cpu,_r02,False
69,98,9,3,40036,PG0,cpu,_r02,False
70,109,8,2,43877,PG0,cpu,_r02,False
71,45,4,1,21831,PG0,cpu,_r02,False
72,117,10,2,81104,PG0,cpu,_r02,False
73,73,5,1,43439,PG0,cpu,_r02,False
74,99,8,2,100584,PG0,cpu,_r02,False
75,95,9,2,46329,PG0,cpu,_r02,False
76,101,9,2,74699,PG0,cpu,_r02,False
77,98,6,2,28455,PG0,cpu,_r02,False
78,85,9,3,40296,PG0,cpu,_r02,False
79,127,6,2,179061,PG0,cpu,_r02,False
80,123,7,2,88154,PG0,cpu,_r02,False
81,101,7,2,61367,PG0,cpu,_r02,False
82,78,6,2,37108,PG0,cpu,_r02,False
83,95,9,2,27859,PG0,cpu,_r02,False
84,63,6,2,31929,PG0,cpu,_r02,False
85,90,6,2,39553,PG0,cpu,_r02,False
86,136,7,2,90325,PG0,cpu,_r02,False
87,106,10,3,41998,PG0,cpu,_r02,False
88,77,6,2,42781,PG0,cpu,_r02,False
89,95,12,2,29200,PG0,cpu,_r02,False
90,92,7,2,64309,PG0,cpu,_r02,False
91,88,8,3,16286,PG0,cpu,_r02,False
92,99,8,2,40983,PG0,cpu,_r02,False
93,49,5,2,30202,PG0,cpu,_r02,False
94,92,8,2,44764,PG0,cpu,_r02,False
95,76,6,2,39796,PG0,cpu,_r02,False
96,76,6,2,26269,PG0,cpu,_r02,False
97,141,7,2,166685,PG0,cpu,_r02,False
98,81,10,2,67312,PG0,cpu,_r02,False
99,133,11,2,54121,PG0,cpu,_r02,False
100,68,8,2,33299,PG0,cpu,_r02,False
101,88,7,2,44528,PG0,cpu,_r02,False
102,106,6,2,76995,PG0,cpu,_r02,False
103,91,8,2,41319,PG0,cpu,_r02,False
104,95,10,2,87781,PG0,cpu,_r02,False
105,57,6,2,15086,PG0,cpu,_r02,False
106,98,9,1,29361,PG0,cpu,_r02,False
107,149,9,2,112168,PG0,cpu,_r02,False
108,91,6,2,69961,PG0,cpu,_r02,False
109,63,7,2,29883,PG0,cpu,_r02,False
110,76,6,2,31785,PG0,cpu,_r02,False
111,66,6,2,22992,PG0,cpu,_r02,False
112,89,7,2,44919,PG0,cpu,_r02,False
113,52,6,2,13435,PG0,cpu,_r02,False
114,89,8,1,85550,PG0,cpu,_r02,False
115,69,6,2,27385,PG0,cpu,_r02,False
116,84,6,2,41036,PG0,cpu,_r02,False
117,123,11,5,54854,PG0,cpu,_r02,False
118,103,7,2,80608,PG0,cpu,_r02,False
119,90,6,2,59395,PG0,cpu,_r02,False
120,73,7,2,28256,PG0,cpu,_r02,False
121,88,9,2,54007,PG0,cpu,_r02,False
122,125,9,2,42589,PG0,cpu,_r02,False
123,99,8,2,30859,PG0,cpu,_r02,False
124,101,6,2,44305,PG0,cpu,_r02,False
125,104,6,2,45639,PG0,cpu,_r02,False
126,107,10,2,54630,PG0,cpu,_r02,False
127,75,10,2,55519,PG0,cpu,_r02,False
128,184,8,3,184260,PG0,cpu,_r02,False
129,71,8,2,29821,PG0,cpu,_r02,False
130,83,6,2,36906,PG0,cpu,_r02,False
131,68,6,2,26443,PG0,cpu,_r02,False
132,195,4,1,852544,PG0,cpu,_r02,False
133,140,8,2,65165,PG0,cpu,_r02,False
134,68,6,2,26318,PG0,cpu,_r02,False
135,97,8,2,70836,PG0,cpu,_r02,False
136,787,21,5,539279,PG0,cpu,_r02,False
137,89,6,2,47590,PG0,cpu,_r02,False
138,103,8,3,47453,PG0,cpu,_r02,False
139,79,8,2,55016,PG0,cpu,_r02,False
140,207,10,2,185241,PG0,cpu,_r02,False
141,86,7,2,74712,PG0,cpu,_r02,False
142,46,3,1,11867,PG0,cpu,_r02,False
143,93,6,2,53092,PG0,cpu,_r02,False
144,87,6,2,52358,PG0,cpu,_r02,False
145,94,8,2,38249,PG0,cpu,_r02,False
146,64,8,2,12996,PG0,cpu,_r02,False
147,81,6,2,42135,PG0,cpu,_r02,False
148,98,7,2,113240,PG0,cpu,_r02,False
149,81,6,2,55597,PG0,cpu,_r02,False
150,68,8,1,8751,PG0,cpu,_r02,False
151,107,7,2,48021,PG0,cpu,_r02,False
152,104,9,2,64586,PG0,cpu,_r02,False
153,75,6,2,27295,PG0,cpu,_r02,False
154,57,6,1,27286,PG0,cpu,_r02,False
155,71,7,2,28583,PG0,cpu,_r02,False
156,131,10,2,45780,PG0,cpu,_r02,False
157,79,7,2,32042,PG0,cpu,_r02,False
158,82,6,2,48062,PG0,cpu,_r02,False
159,97,9,3,76588,PG0,cpu,_r02,False
160,116,7,2,70829,PG0,cpu,_r02,False
161,89,6,2,43898,PG0,cpu,_r02,False
162,81,8,2,67692,PG0,cpu,_r02,False
163,62,5,1,16028,PG0,cpu,_r02,False
164,85,7,2,16938,PG0,cpu,_r02,False
165,106,6,4,165024,PG0,cpu,_r02,False
166,65,6,2,32064,PG0,cpu,_r02,False
167,94,8,1,17758,PG0,cpu,_r02,False
168,90,7,4,33164,PG0,cpu,_r02,False
169,79,8,2,23600,PG0,cpu,_r02,False
170,100,9,2,64143,PG0,cpu,_r02,False
171,94,9,3,42982,PG0,cpu,_r02,False
172,63,5,1,14959,PG0,cpu,_r02,False
173,74,7,2,25355,PG0,cpu,_r02,False
174,80,7,2,88726,PG0,cpu,_r02,False
175,46,5,2,9552,PG0,cpu,_r02,False
176,139,8,2,137445,PG0,cpu,_r02,False
177,86,6,2,37309,PG0,cpu,_r02,False
178,33,3,1,11971,PG0,cpu,_r02,False
179,75,6,2,36768,PG0,cpu,_r02,False
180,65,7,1,8585,PG0,cpu,_r02,False
181,67,6,1,37775,PG0,cpu,_r02,False
182,98,8,1,35006,PG0,cpu,_r02,False
183,63,7,2,16869,PG0,cpu,_r02,False
184,67,6,1,12021,PG0,cpu,_r02,False
185,94,8,1,20554,PG0,cpu,_r02,False
186,87,6,2,43165,PG0,cpu,_r02,False
187,61,6,2,25586,PG0,cpu,_r02,False
188,78,6,2,14764,PG0,cpu,_r02,False
189,84,6,2,40533,PG0,cpu,_r02,False
190,70,8,2,28758,PG0,cpu,_r02,False
191,58,4,1,25694,PG0,cpu,_r02,False
192,78,6,1,10555,PG0,cpu,_r02,False
193,107,9,2,46532,PG0,cpu,_r02,False
194,60,6,1,10181,PG0,cpu,_r02,False
195,52,6,1,7038,PG0,cpu,_r02,False
196,95,8,2,53151,PG0,cpu,_r02,False
197,95,9,3,72222,PG0,cpu,_r02,False
198,128,7,2,132538,PG0,cpu,_r02,False
199,99,7,3,28231,PG0,cpu,_r02,False
200,54,6,1,8428,PG0,cpu,_r02,False
201,86,8,1,19120,PG0,cpu,_r02,False
202,107,6,2,42579,PG0,cpu,_r02,False
203,75,7,2,22975,PG0,cpu,_r02,False
204,86,6,2,72266,PG0,cpu,_r02,False
205,48,5,2,11545,PG0,cpu,_r02,False
206,72,6,2,65910,PG0,cpu,_r02,False
207,62,8,1,18763,PG0,cpu,_r02,False
208,76,6,2,38083,PG0,cpu,_r02,False
209,126,9,2,76459,PG0,cpu,_r02,False
210,119,9,5,55903,PG0,cpu,_r02,False
211,149,13,2,129505,PG0,cpu,_r02,False
212,102,9,2,137404,PG0,cpu,_r02,False
213,87,9,1,63930,PG0,cpu,_r02,False
214,111,7,2,54278,PG0,cpu,_r02,False
215,87,6,2,49796,PG0,cpu,_r02,False
216,80,6,3,85118,PG0,cpu,_r02,False
217,92,8,2,84982,PG0,cpu,_r02,False
218,115,9,3,79229,PG0,cpu,_r02,False
219,73,6,2,25169,PG0,cpu,_r02,False
220,84,8,2,59703,PG0,cpu,_r02,False
221,85,8,2,69974,PG0,cpu,_r02,False
222,77,6,2,17783,PG0,cpu,_r02,False
223,85,6,2,43539,PG0,cpu,_r02,False
224,81,9,4,29530,PG0,cpu,_r02,False
225,88,6,2,51440,PG0,cpu,_r02,False
226,65,7,2,32488,PG0,cpu,_r02,False
227,77,8,2,33597,PG0,cpu,_r02,False
228,96,8,3,40172,PG0,cpu,_r02,False
229,65,6,2,17325,PG0,cpu,_r02,False
230,109,8,2,49466,PG0,cpu,_r02,False
231,105,7,2,52256,PG0,cpu,_r02,False
232,157,12,2,337271,PG0,cpu,_r02,False
233,97,9,2,71695,PG0,cpu,_r02,False
234,88,7,3,36613,PG0,cpu,_r02,False
235,74,6,2,38388,PG0,cpu,_r02,False
236,73,5,2,35319,PG0,cpu,_r02,False
237,67,7,2,49279,PG0,cpu,_r02,False
238,62,6,2,22364,PG0,cpu,_r02,False
239,88,7,2,67350,PG0,cpu,_r02,False
240,117,11,3,71033,PG0,cpu,_r02,False
241,43,3,1,8157,PG0,cpu,_r02,False
242,76,6,1,23285,PG0,cpu,_r02,False
243,173,7,2,81926,PG0,cpu,_r02,False
244,76,8,1,18382,PG0,cpu,_r02,False
245,99,9,3,56788,PG0,cpu,_r02,False
246,95,8,2,39126,PG0,cpu,_r02,False
247,75,6,2,27086,PG0,cpu,_r02,False
248,89,8,2,69229,PG0,cpu,_r02,False
249,49,6,1,10108,PG0,cpu,_r02,False
250,67,6,2,25883,PG0,cpu,_r02,False
251,101,7,2,52640,PG0,cpu,_r02,False
252,44,5,2,17341,PG0,cpu,_r02,False
253,60,6,2,18822,PG0,cpu,_r02,False
254,70,6,1,30055,PG0,cpu,_r02,False
255,98,7,2,36263,PG0,cpu,_r02,False
256,96,9,2,55738,PG0,cpu,_r02,False
257,68,6,2,31011,PG0,cpu,_r02,False
258,81,7,2,35296,PG0,cpu,_r02,False
259,78,6,2,26867,PG0,cpu,_r02,False
260,94,10,3,36949,PG0,cpu,_r02,False
261,65,6,2,25487,PG0,cpu,_r02,False
262,107,9,2,67525,PG0,cpu,_r02,False
263,61,6,1,14606,PG0,cpu,_r02,False
264,103,6,2,56693,PG0,cpu,_r02,False
265,59,7,2,23531,PG0,cpu,_r02,False
266,48,5,1,8599,PG0,cpu,_r02,False
267,94,8,2,76898,PG0,cpu,_r02,False
268,26,3,1,9099,PG0,cpu,_r02,False
269,60,6,2,23477,PG0,cpu,_r02,False
270,79,6,2,51886,PG0,cpu,_r02,False
271,66,6,3,22711,PG0,cpu,_r02,False
272,72,6,2,23541,PG0,cpu,_r02,False
273,87,6,2,39826,PG0,cpu,_r02,False
274,94,7,2,64218,PG0,cpu,_r02,False
275,83,6,2,24726,PG0,cpu,_r02,False
276,72,8,2,45224,PG0,cpu,_r02,False
277,219,12,2,228139,PG0,cpu,_r02,False
278,60,7,1,16935,PG0,cpu,_r02,False
279,83,9,1,61658,PG0,cpu,_r02,False
280,120,10,3,61308,PG0,cpu,_r02,False
281,71,5,1,41189,PG0,cpu,_r02,False
282,83,6,2,37816,PG0,cpu,_r02,False
283,102,9,2,50309,PG0,cpu,_r02,False
284,90,7,2,49456,PG0,cpu,_r02,False
285,62,6,2,23179,PG0,cpu,_r02,False
286,76,6,2,30339,PG0,cpu,_r02,False
287,63,8,1,16939,PG0,cpu,_r02,False
288,101,7,2,109338,PG0,cpu,_r02,False
289,102,6,3,68011,PG0,cpu,_r02,False
290,69,6,2,33495,PG0,cpu,_r02,False
291,58,6,1,8414,PG0,cpu,_r02,False
292,81,6,1,26791,PG0,cpu,_r02,False
293,70,6,2,45422,PG0,cpu,_r02,False
294,155,7,2,48617,PG0,cpu,_r02,False
295,65,7,2,22831,PG0,cpu,_r02,False
296,69,6,2,30787,PG0,cpu,_r02,False
297,103,7,2,95887,PG0,cpu,_r02,False
298,62,7,2,16069,PG0,cpu,_r02,False
299,79,7,1,16127,PG0,cpu,_r02,False
300,81,7,2,19466,PG0,cpu,_r02,False
301,122,7,2,74299,PG0,cpu,_r02,False
302,87,6,2,66684,PG0,cpu,_r02,False
303,67,8,1,31208,PG0,cpu,_r02,False
304,60,6,1,18082,PG0,cpu,_r02,False
305,85,8,1,57493,PG0,cpu,_r02,False
306,84,7,2,61521,PG0,cpu,_r02,False
307,97,8,3,21790,PG0,cpu,_r02,False
308,113,11,2,58481,PG0,cpu,_r02,False
309,81,7,2,36022,PG0,cpu,_r02,False
310,75,6,2,30245,PG0,cpu,_r02,False
311,52,6,1,8226,PG0,cpu,_r02,False
312,70,6,2,29966,PG0,cpu,_r02,False
313,69,8,1,7625,PG0,cpu,_r02,False
314,88,6,2,104220,PG0,cpu,_r02,False
315,101,6,2,33747,PG0,cpu,_r02,False
316,96,9,2,66072,PG0,cpu,_r02,False
317,68,6,2,27161,PG0,cpu,_r02,False
318,72,6,2,30147,PG0,cpu,_r02,False
319,57,9,0,1225,PG0,cpu,_r02,False
320,74,7,6,50306,PG0,cpu,_r02,False
321,86,6,2,52086,PG0,cpu,_r02,False
322,111,6,2,225152,PG0,cpu,_r02,False
323,119,8,2,74372,PG0,cpu,_r02,False
324,126,9,2,84061,PG0,cpu,_r02,False
325,87,8,1,23650,PG0,cpu,_r02,False
326,82,8,2,51315,PG0,cpu,_r02,False
327,33,4,0,3034,PG0,cpu,_r02,False
328,71,8,2,30273,PG0,cpu,_r02,False
329,79,9,1,19450,PG0,cpu,_r02,False
330,224,14,4,85288,PG0,cpu,_r02,False
331,77,9,2,37563,PG0,cpu,_r02,False
332,84,6,2,38600,PG0,cpu,_r02,False
333,83,6,2,37360,PG0,cpu,_r02,False
334,73,6,2,27082,PG0,cpu,_r02,False
335,75,6,3,31213,PG0,cpu,_r02,False
336,65,6,2,27022,PG0,cpu,_r02,False
337,87,6,2,37840,PG0,cpu,_r02,False
338,92,6,2,57412,PG0,cpu,_r02,False
339,74,6,1,19991,PG0,cpu,_r02,False
340,82,6,2,52113,PG0,cpu,_r02,False
341,120,8,3,105770,PG0,cpu,_r02,False
342,100,9,2,37328,PG0,cpu,_r02,False
343,64,7,2,25793,PG0,cpu,_r02,False
344,89,6,2,92496,PG0,cpu,_r02,False
345,113,8,2,150405,PG0,cpu,_r02,False
346,91,6,2,47584,PG0,cpu,_r02,False
347,87,6,2,45952,PG0,cpu,_r02,False
348,108,7,4,68188,PG0,cpu,_r02,False
349,89,9,2,73743,PG0,cpu,_r02,False
350,114,7,2,99620,PG0,cpu,_r02,False
351,115,9,2,29379,PG0,cpu,_r02,False
352,98,7,2,52726,PG0,cpu,_r02,False
353,96,6,2,61738,PG0,cpu,_r02,False
354,77,6,2,32631,PG0,cpu,_r02,False
355,87,6,3,32441,PG0,cpu,_r02,False
356,72,6,1,29112,PG0,cpu,_r02,False
357,62,5,2,34445,PG0,cpu,_r02,False
358,75,6,2,24501,PG0,cpu,_r02,False
359,102,9,2,36756,PG0,cpu,_r02,False
360,76,6,2,39229,PG0,cpu,_r02,False
361,60,7,2,30207,PG0,cpu,_r02,False
362,68,8,2,33810,PG0,cpu,_r02,False
363,57,6,2,14499,PG0,cpu,_r02,False
364,82,7,2,28572,PG0,cpu,_r02,False
365,191,14,2,257363,PG0,cpu,_r02,False
366,87,6,2,61003,PG0,cpu,_r02,False
367,76,6,2,27935,PG0,cpu,_r02,False
368,131,9,2,44508,PG0,cpu,_r02,False
369,95,8,1,54969,PG0,cpu,_r02,False
370,109,7,7,46104,PG0,cpu,_r02,False
371,80,7,1,17814,PG0,cpu,_r02,False
372,272,13,6,421344,PG0,cpu,_r02,False
373,93,6,2,46900,PG0,cpu,_r02,False
374,77,7,2,30468,PG0,cpu,_r02,False
375,73,6,2,30083,PG0,cpu,_r02,False
376,129,8,2,133963,PG0,cpu,_r02,False
377,84,8,2,18382,PG0,cpu,_r02,False
378,155,8,2,102264,PG0,cpu,_r02,False
379,65,6,2,37232,PG0,cpu,_r02,False
380,67,7,2,38530,PG0,cpu,_r02,False
381,132,9,1,153895,PG0,cpu,_r02,False
382,114,7,2,53511,PG0,cpu,_r02,False
383,101,8,2,59765,PG0,cpu,_r02,False
384,54,4,1,39415,PG0,cpu,_r02,False
385,101,10,2,58546,PG0,cpu,_r02,False
386,79,9,1,12389,PG0,cpu,_r02,False
387,109,8,4,70004,PG0,cpu,_r02,False
388,83,8,1,20875,PG0,cpu,_r02,False
389,106,9,2,62290,PG0,cpu,_r02,False
390,108,12,3,35771,PG0,cpu,_r02,False
391,60,7,1,30806,PG0,cpu,_r02,False
392,85,8,2,29359,PG0,cpu,_r02,False
393,43,5,2,14704,PG0,cpu,_r02,False
394,53,6,2,17206,PG0,cpu,_r02,False
395,77,6,2,36212,PG0,cpu,_r02,False
396,22,3,1,4839,PG0,cpu,_r02,False
397,190,8,2,674751,PG0,cpu,_r02,False
398,81,8,2,33284,PG0,cpu,_r02,False
399,98,6,1,39107,PG0,cpu,_r02,False
400,91,7,2,62124,PG0,cpu,_r02,False
401,4,1,0,142,PG0,cpu,_r02,False
402,64,5,2,23402,PG0,cpu,_r02,False
403,81,7,2,30763,PG0,cpu,_r02,False
404,60,6,1,10405,PG0,cpu,_r02,False
405,90,9,2,61787,PG0,cpu,_r02,False
406,77,6,2,60542,PG0,cpu,_r02,False
407,75,7,2,30736,PG0,cpu,_r02,False
408,56,7,0,1215,PG0,cpu,_r02,False
409,93,8,2,57413,PG0,cpu,_r02,False
410,90,8,2,39914,PG0,cpu,_r02,False
411,70,5,2,35922,PG0,cpu,_r02,False
412,71,6,2,21328,PG0,cpu,_r02,False
413,71,7,2,30580,PG0,cpu,_r02,False
414,94,6,2,74490,PG0,cpu,_r02,False
415,73,7,1,18928,PG0,cpu,_r02,False
416,91,9,1,45754,PG0,cpu,_r02,False
417,79,6,2,55608,PG0,cpu,_r02,False
418,74,6,2,30151,PG0,cpu,_r02,False
419,76,5,2,51918,PG0,cpu,_r02,False
420,96,6,1,45084,PG0,cpu,_r02,False
421,126,9,1,111586,PG0,cpu,_r02,False
422,47,4,2,28139,PG0,cpu,_r02,False
423,94,6,2,170043,PG0,cpu,_r02,False
424,72,6,2,15241,PG0,cpu,_r02,False
425,103,8,2,41963,PG0,cpu,_r02,False
426,178,16,4,96229,PG0,cpu,_r02,False
427,63,6,2,22113,PG0,cpu,_r02,False
428,65,7,2,22828,PG0,cpu,_r02,False
429,75,6,2,42939,PG0,cpu,_r02,False
430,129,10,2,119675,PG0,cpu,_r02,False
431,47,3,1,21679,PG0,cpu,_r02,False
432,66,6,2,27274,PG0,cpu,_r02,False
433,88,7,3,54460,PG0,cpu,_r02,False
434,45,5,2,10655,PG0,cpu,_r02,False
435,60,6,2,8872,PG0,cpu,_r02,False
436,69,6,2,33545,PG0,cpu,_r02,False
437,83,7,2,39305,PG0,cpu,_r02,False
438,75,7,2,32199,PG0,cpu,_r02,False
439,134,6,2,319291,PG0,cpu,_r02,False
440,48,5,2,14919,PG0,cpu,_r02,False
441,59,5,1,28343,PG0,cpu,_r02,False
442,70,8,2,26853,PG0,cpu,_r02,False
443,48,6,3,16108,PG0,cpu,_r02,False
444,92,8,2,46173,PG0,cpu,_r02,False
445,87,10,2,52770,PG0,cpu,_r02,False
446,91,9,2,30136,PG0,cpu,_r02,False
447,86,6,2,38028,PG0,cpu,_r02,False
448,79,8,3,58791,PG0,cpu,_r02,False
449,95,6,2,47044,PG0,cpu,_r02,False
450,136,13,1,55523,PG0,cpu,_r02,False
451,116,10,2,19618,PG0,cpu,_r02,False
452,124,9,2,105958,PG0,cpu,_r02,False
453,123,9,2,55868,PG0,cpu,_r02,False
454,98,10,2,62271,PG0,cpu,_r02,False
455,70,7,2,53629,PG0,cpu,_r02,False
456,180,12,5,565038,PG0,cpu,_r02,False
457,62,5,2,31665,PG0,cpu,_r02,False
458,87,7,3,41084,PG0,cpu,_r02,False
459,138,6,2,268120,PG0,cpu,_r02,False
460,104,10,2,73406,PG0,cpu,_r02,False
461,116,12,1,57335,PG0,cpu,_r02,False
462,108,10,2,176001,PG0,cpu,_r02,False
463,71,6,2,26679,PG0,cpu,_r02,False
464,73,7,2,30079,PG0,cpu,_r02,False
465,89,6,2,59969,PG0,cpu,_r02,False
466,108,6,2,101505,PG0,cpu,_r02,False
467,71,8,2,42083,PG0,cpu,_r02,False
468,103,7,2,39866,PG0,cpu,_r02,False
469,71,8,2,34344,PG0,cpu,_r02,False
470,261,12,7,472203,PG0,cpu,_r02,False
471,67,6,2,51882,PG0,cpu,_r02,False
472,100,9,2,47333,PG0,cpu,_r02,False
473,72,8,2,37851,PG0,cpu,_r02,False
474,101,10,2,37802,PG0,cpu,_r02,False
475,133,10,2,105652,PG0,cpu,_r02,False
476,81,9,3,24027,PG0,cpu,_r02,False
477,109,9,3,71927,PG0,cpu,_r02,False
478,119,8,2,40411,PG0,cpu,_r02,False
479,120,10,1,42048,PG0,cpu,_r02,False
480,118,6,3,82048,PG0,cpu,_r02,False
481,84,7,2,34663,PG0,cpu,_r02,False
482,94,6,2,48879,PG0,cpu,_r02,False
483,64,6,2,24553,PG0,cpu,_r02,False
484,116,6,2,54102,PG0,cpu,_r02,False
485,254,8,1,463460,PG0,cpu,_r02,False
486,48,6,3,15202,PG0,cpu,_r02,False
487,110,7,2,114944,PG0,cpu,_r02,False
488,49,4,1,50880,PG0,cpu,_r02,False
489,76,7,2,30105,PG0,cpu,_r02,False
490,86,7,3,41759,PG0,cpu,_r02,False
491,77,6,2,23956,PG0,cpu,_r02,False
492,112,9,4,49660,PG0,cpu,_r02,False
493,55,6,2,30404,PG0,cpu,_r02,False
494,74,7,2,30707,PG0,cpu,_r02,False
495,112,6,1,122842,PG0,cpu,_r02,False
496,70,6,2,30715,PG0,cpu,_r02,False
497,98,10,2,91780,PG0,cpu,_r02,False
498,72,6,2,59677,PG0,cpu,_r02,False
499,82,6,2,63291,PG0,cpu,_r02,False
0,65,6,2,30883,PG0,cpu,_r03,True
1,74,8,3,32980,PG0,cpu,_r03,False
2,74,6,2,18683,PG0,cpu,_r03,False
3,62,5,1,20533,PG0,cpu,_r03,False
4,50,6,1,26611,PG0,cpu,_r03,False
5,102,6,2,71365,PG0,cpu,_r03,False
6,92,6,2,47749,PG0,cpu,_r03,False
7,49,3,1,26470,PG0,cpu,_r03,False
8,49,5,2,16983,PG0,cpu,_r03,False
9,157,6,2,196692,PG0,cpu,_r03,False
10,116,8,2,55564,PG0,cpu,_r03,False
11,66,6,1,20915,PG0,cpu,_r03,False
12,90,7,2,109980,PG0,cpu,_r03,False
13,32,4,1,8944,PG0,cpu,_r03,False
14,80,7,2,48447,PG0,cpu,_r03,False
15,114,7,2,59951,PG0,cpu,_r03,False
16,78,6,2,50046,PG0,cpu,_r03,False
17,89,8,3,48794,PG0,cpu,_r03,False
18,54,5,3,21513,PG0,cpu,_r03,False
19,90,6,2,54379,PG0,cpu,_r03,False
20,76,5,2,49064,PG0,cpu,_r03,False
21,57,5,1,16315,PG0,cpu,_r03,False
22,92,8,4,41629,PG0,cpu,_r03,False
23,113,14,1,41473,PG0,cpu,_r03,False
24,73,6,2,26936,PG0,cpu,_r03,False
25,84,6,2,53079,PG0,cpu,_r03,False
26,95,7,2,62166,PG0,cpu,_r03,False
27,68,7,3,64427,PG0,cpu,_r03,False
28,71,7,1,21438,PG0,cpu,_r03,False
29,76,6,2,19469,PG0,cpu,_r03,False
30,96,8,2,37835,PG0,cpu,_r03,False
31,54,5,2,22792,PG0,cpu,_r03,False
32,70,6,1,47656,PG0,cpu,_r03,False
33,90,6,3,53811,PG0,cpu,_r03,False
34,62,7,2,25327,PG0,cpu,_r03,False
35,222,10,2,164320,PG0,cpu,_r03,False
36,86,8,2,38906,PG0,cpu,_r03,False
37,111,9,2,90200,PG0,cpu,_r03,False
38,81,7,2,46101,PG0,cpu,_r03,False
39,122,10,3,100973,PG0,cpu,_r03,False
40,96,7,3,44740,PG0,cpu,_r03,False
41,28,3,1,6109,PG0,cpu,_r03,False
42,79,6,2,25528,PG0,cpu,_r03,False
43,109,6,2,75056,PG0,cpu,_r03,False
44,56,6,2,27143,PG0,cpu,_r03,False
45,82,6,1,46948,PG0,cpu,_r03,False
46,88,9,2,40125,PG0,cpu,_r03,False
47,71,7,2,31917,PG0,cpu,_r03,False
48,94,7,2,50171,PG0,cpu,_r03,False
49,64,5,2,41686,PG0,cpu,_r03,False
50,81,7,2,48024,PG0,cpu,_r03,False
51,117,6,2,99664,PG0,cpu,_r03,False
52,76,6,2,32513,PG0,cpu,_r03,False
53,69,6,2,36388,PG0,cpu,_r03,False
54,69,6,1,26671,PG0,cpu,_r03,False
55,120,8,2,35715,PG0,cpu,_r03,False
56,72,7,2,23303,PG0,cpu,_r03,False
57,96,9,2,53788,PG0,cpu,_r03,False
58,86,7,2,44362,PG0,cpu,_r03,False
59,76,8,3,44772,PG0,cpu,_r03,False
60,91,9,3,53674,PG0,cpu,_r03,False
61,102,8,2,56381,PG0,cpu,_r03,False
62,52,7,1,6914,PG0,cpu,_r03,False
63,84,7,2,43095,PG0,cpu,_r03,False
64,86,7,1,19768,PG0,cpu,_r03,False
65,127,8,2,229697,PG0,cpu,_r03,False
66,91,6,2,82911,PG0,cpu,_r03,False
67,79,6,2,31752,PG0,cpu,_r03,False
68,85,6,2,56116,PG0,cpu,_r03,False
69,98,9,3,40463,PG0,cpu,_r03,False
70,109,8,2,44329,PG0,cpu,_r03,False
71,45,4,1,22040,PG0,cpu,_r03,False
72,117,10,2,81982,PG0,cpu,_r03,False
73,73,5,1,43763,PG0,cpu,_r03,False
74,99,8,2,101575,PG0,cpu,_r03,False
75,95,9,2,46765,PG0,cpu,_r03,False
76,101,9,2,75314,PG0,cpu,_r03,False
77,98,6,2,28726,PG0,cpu,_r03,False
78,85,9,3,40628,PG0,cpu,_r03,False
79,127,6,2,180653,PG0,cpu,_r03,False
80,123,7,2,88830,PG0,cpu,_r03,False
81,101,7,2,61976,PG0,cpu,_r03,False
82,78,6,2,37368,PG0,cpu,_r03,False
83,95,9,2,28082,PG0,cpu,_r03,False
84,63,6,2,32234,PG0,cpu,_r03,False
85,90,6,2,39975,PG0,cpu,_r03,False
86,136,7,2,91274,PG0,cpu,_r03,False
87,106,10,3,42400,PG0,cpu,_r03,False
88,77,6,2,43319,PG0,cpu,_r03,False
89,95,12,2,29482,PG0,cpu,_r03,False
90,92,7,2,64920,PG0,cpu,_r03,False
91,88,8,3,16479,PG0,cpu,_r03,False
92,99,8,2,41469,PG0,cpu,_r03,False
93,49,5,2,30641,PG0,cpu,_r03,False
94,92,8,2,45264,PG0,cpu,_r03,False
95,76,6,2,40162,PG0,cpu,_r03,False
96,76,6,2,26587,PG0,cpu,_r03,False
97,141,7,2,168170,PG0,cpu,_r03,False
98,81,10,2,68128,PG0,cpu,_r03,False
99,133,11,2,54746,PG0,cpu,_r03,False
100,68,8,2,33590,PG0,cpu,_r03,False
101,88,7,2,44775,PG0,cpu,_r03,False
102,106,6,2,77804,PG0,cpu,_r03,False
103,91,8,2,41686,PG0,cpu,_r03,False
104,95,10,2,88789,PG0,cpu,_r03,False
105,57,6,2,15256,PG0,cpu,_r03,False
106,98,9,1,29641,PG0,cpu,_r03,False
107,149,9,2,113435,PG0,cpu,_r03,False
108,91,6,2,70676,PG0,cpu,_r03,False
109,63,7,2,30294,PG0,cpu,_r03,False
110,76,6,2,32078,PG0,cpu,_r03,False
111,66,6,2,23319,PG0,cpu,_r03,False
112,89,7,2,45306,PG0,cpu,_r03,False
113,52,6,2,13576,PG0,cpu,_r03,False
114,89,8,1,86398,PG0,cpu,_r03,False
115,69,6,2,27715,PG0,cpu,_r03,False
116,84,6,2,41354,PG0,cpu,_r03,False
117,123,11,5,55346,PG0,cpu,_r03,False
118,103,7,2,81339,PG0,cpu,_r03,False
119,90,6,2,59929,PG0,cpu,_r03,False
120,73,7,2,28451,PG0,cpu,_r03,False
121,88,9,2,54553,PG0,cpu,_r03,False
122,125,9,2,42983,PG0,cpu,_r03,False
123,99,8,2,31100,PG0,cpu,_r03,False
124,101,6,2,44565,PG0,cpu,_r03,False
125,104,6,2,45952,PG0,cpu,_r03,False
126,107,10,2,54901,PG0,cpu,_r03,False
127,75,10,2,55838,PG0,cpu,_r03,False
128,184,8,3,185857,PG0,cpu,_r03,False
129,71,8,2,30092,PG0,cpu,_r03,False
130,83,6,2,37081,PG0,cpu,_r03,False
131,68,6,2,26595,PG0,cpu,_r03,False
132,195,4,1,859394,PG0,cpu,_r03,False
133,140,8,2,65881,PG0,cpu,_r03,False
134,68,6,2,26509,PG0,cpu,_r03,False
135,97,8,2,71356,PG0,cpu,_r03,False
136,787,21,5,543602,PG0,cpu,_r03,False
137,89,6,2,48099,PG0,cpu,_r03,False
138,103,8,3,47921,PG0,cpu,_r03,False
139,79,8,2,55604,PG0,cpu,_r03,False
140,207,10,2,186846,PG0,cpu,_r03,False
141,86,7,2,75428,PG0,cpu,_r03,False
142,46,3,1,12037,PG0,cpu,_r03,False
143,93,6,2,53642,PG0,cpu,_r03,False
144,87,6,2,52950,PG0,cpu,_r03,False
145,94,8,2,38707,PG0,cpu,_r03,False
146,64,8,2,13119,PG0,cpu,_r03,False
147,81,6,2,42561,PG0,cpu,_r03,False
148,98,7,2,114202,PG0,cpu,_r03,False
149,81,6,2,56158,PG0,cpu,_r03,False
150,68,8,1,8849,PG0,cpu,_r03,False
151,107,7,2,48544,PG0,cpu,_r03,False
152,104,9,2,65157,PG0,cpu,_r03,False
153,75,6,2,27490,PG0,cpu,_r03,False
154,57,6,1,27518,PG0,cpu,_r03,False
155,71,7,2,28850,PG0,cpu,_r03,False
156,131,10,2,46078,PG0,cpu,_r03,False
157,79,7,2,32392,PG0,cpu,_r03,False
158,82,6,2,48557,PG0,cpu,_r03,False
159,97,9,3,77330,PG0,cpu,_r03,False
160,116,7,2,71529,PG0,cpu,_r03,False
161,89,6,2,44187,PG0,cpu,_r03,False
162,81,8,2,68266,PG0,cpu,_r03,False
163,62,5,1,16293,PG0,cpu,_r03,False
164,85,7,2,17112,PG0,cpu,_r03,False
165,106,6,4,166036,PG0,cpu,_r03,False
166,65,6,2,32286,PG0,cpu,_r03,False
167,94,8,1,17965,PG0,cpu,_r03,False
168,90,7,4,33505,PG0,cpu,_r03,False
169,79,8,2,23894,PG0,cpu,_r03,False
170,100,9,2,64787,PG0,cpu,_r03,False
171,94,9,3,43454,PG0,cpu,_r03,False
172,63,5,1,15065,PG0,cpu,_r03,False
173,74,7,2,25570,PG0,cpu,_r03,False
174,80,7,2,89632,PG0,cpu,_r03,False
175,46,5,2,9630,PG0,cpu,_r03,False
176,139,8,2,138456,PG0,cpu,_r03,False
177,86,6,2,37748,PG0,cpu,_r03,False
178,33,3,1,12104,PG0,cpu,_r03,False
179,75,6,2,37134,PG0,cpu,_r03,False
180,65,7,1,8674,PG0,cpu,_r03,False
181,67,6,1,38161,PG0,cpu,_r03,False
182,98,8,1,35309,PG0,cpu,_r03,False
183,63,7,2,17041,PG0,cpu,_r03,False
184,67,6,1,12147,PG0,cpu,_r03,False
185,94,8,1,20763,PG0,cpu,_r03,False
186,87,6,2,43470,PG0,cpu,_r03,False
187,61,6,2,25862,PG0,cpu,_r03,False
188,78,6,2,14921,PG0,cpu,_r03,False
189,84,6,2,41023,PG0,cpu,_r03,False
190,70,8,2,28987,PG0,cpu,_r03,False
191,58,4,1,25936,PG0,cpu,_r03,False
192,78,6,1,10663,PG0,cpu,_r03,False
193,107,9,2,47044,PG0,cpu,_r03,False
194,60,6,1,10287,PG0,cpu,_r03,False
195,52,6,1,7119,PG0,cpu,_r03,False
196,95,8,2,53659,PG0,cpu,_r03,False
197,95,9,3,72837,PG0,cpu,_r03,False
198,128,7,2,134481,PG0,cpu,_r03,False
199,99,7,3,28459,PG0,cpu,_r03,False
200,54,6,1,8490,PG0,cpu,_r03,False
201,86,8,1,19227,PG0,cpu,_r03,False
202,107,6,2,42903,PG0,cpu,_r03,False
203,75,7,2,23134,PG0,cpu,_r03,False
204,86,6,2,72830,PG0,cpu,_r03,False
205,48,5,2,11613,PG0,cpu,_r03,False
206,72,6,2,66543,PG0,cpu,_r03,False
207,62,8,1,18955,PG0,cpu,_r03,False
208,76,6,2,38471,PG0,cpu,_r03,False
209,126,9,2,77179,PG0,cpu,_r03,False
210,119,9,5,56402,PG0,cpu,_r03,False
211,149,13,2,130416,PG0,cpu,_r03,False
212,102,9,2,138903,PG0,cpu,_r03,False
213,87,9,1,64591,PG0,cpu,_r03,False
214,111,7,2,54898,PG0,cpu,_r03,False
215,87,6,2,50393,PG0,cpu,_r03,False
216,80,6,3,85890,PG0,cpu,_r03,False
217,92,8,2,85509,PG0,cpu,_r03,False
218,115,9,3,79955,PG0,cpu,_r03,False
219,73,6,2,25333,PG0,cpu,_r03,False
220,84,8,2,60364,PG0,cpu,_r03,False
221,85,8,2,70646,PG0,cpu,_r03,False
222,77,6,2,17966,PG0,cpu,_r03,False
223,85,6,2,43939,PG0,cpu,_r03,False
224,81,9,4,29776,PG0,cpu,_r03,False
225,88,6,2,51893,PG0,cpu,_r03,False
226,65,7,2,32745,PG0,cpu,_r03,False
227,77,8,2,33926,PG0,cpu,_r03,False
228,96,8,3,40553,PG0,cpu,_r03,False
229,65,6,2,17501,PG0,cpu,_r03,False
230,109,8,2,49874,PG0,cpu,_r03,False
231,105,7,2,52843,PG0,cpu,_r03,False
232,157,12,2,339966,PG0,cpu,_r03,False
233,97,9,2,72408,PG0,cpu,_r03,False
234,88,7,3,36912,PG0,cpu,_r03,False
235,74,6,2,38627,PG0,cpu,_r03,False
236,73,5,2,35604,PG0,cpu,_r03,False
237,67,7,2,49655,PG0,cpu,_r03,False
238,62,6,2,22561,PG0,cpu,_r03,False
239,88,7,2,67761,PG0,cpu,_r03,False
240,117,11,3,71600,PG0,cpu,_r03,False
241,43,3,1,8202,PG0,cpu,_r03,False
242,76,6,1,23414,PG0,cpu,_r03,False
243,173,7,2,82727,PG0,cpu,_r03,False
244,76,8,1,18457,PG0,cpu,_r03,False
245,99,9,3,57188,PG0,cpu,_r03,False
246,95,8,2,39473,PG0,cpu,_r03,False
247,75,6,2,27271,PG0,cpu,_r03,False
248,89,8,2,70034,PG0,cpu,_r03,False
249,49,6,1,10238,PG0,cpu,_r03,False
250,67,6,2,26130,PG0,cpu,_r03,False
251,101,7,2,53290,PG0,cpu,_r03,False
252,44,5,2,17514,PG0,cpu,_r03,False
253,60,6,2,19004,PG0,cpu,_r03,False
254,70,6,1,30290,PG0,cpu,_r03,False
255,98,7,2,36619,PG0,cpu,_r03,False
256,96,9,2,56236,PG0,cpu,_r03,False
257,68,6,2,31332,PG0,cpu,_r03,False
258,81,7,2,35608,PG0,cpu,_r03,False
259,78,6,2,26974,PG0,cpu,_r03,False
260,94,10,3,37356,PG0,cpu,_r03,False
261,65,6,2,25760,PG0,cpu,_r03,False
262,107,9,2,67986,PG0,cpu,_r03,False
263,61,6,1,14730,PG0,cpu,_r03,False
264,103,6,2,57131,PG0,cpu,_r03,False
265,59,7,2,23760,PG0,cpu,_r03,False
266,48,5,1,8696,PG0,cpu,_r03,False
267,94,8,2,77550,PG0,cpu,_r03,False
268,26,3,1,9193,PG0,cpu,_r03,False
269,60,6,2,23738,PG0,cpu,_r03,False
270,79,6,2,52387,PG0,cpu,_r03,False
271,66,6,3,22952,PG0,cpu,_r03,False
272,72,6,2,23812,PG0,cpu,_r03,False
273,87,6,2,40183,PG0,cpu,_r03,False
274,94,7,2,64919,PG0,cpu,_r03,False
275,83,6,2,25002,PG0,cpu,_r03,False
276,72,8,2,45832,PG0,cpu,_r03,False
277,219,12,2,231067,PG0,cpu,_r03,False
278,60,7,1,17128,PG0,cpu,_r03,False
279,83,9,1,62130,PG0,cpu,_r03,False
280,120,10,3,61718,PG0,cpu,_r03,False
281,71,5,1,41364,PG0,cpu,_r03,False
282,83,6,2,38161,PG0,cpu,_r03,False
283,102,9,2,50884,PG0,cpu,_r03,False
284,90,7,2,50095,PG0,cpu,_r03,False
285,62,6,2,23464,PG0,cpu,_r03,False
286,76,6,2,30577,PG0,cpu,_r03,False
287,63,8,1,17022,PG0,cpu,_r03,False
288,101,7,2,110233,PG0,cpu,_r03,False
289,102,6,3,68542,PG0,cpu,_r03,False
290,69,6,2,33796,PG0,cpu,_r03,False
291,58,6,1,8503,PG0,cpu,_r03,False
292,81,6,1,27101,PG0,cpu,_r03,False
293,70,6,2,45787,PG0,cpu,_r03,False
294,155,7,2,49180,PG0,cpu,_r03,False
295,65,7,2,23037,PG0,cpu,_r03,False
296,69,6,2,31104,PG0,cpu,_r03,False
297,103,7,2,96857,PG0,cpu,_r03,False
298,62,7,2,16274,PG0,cpu,_r03,False
299,79,7,1,16226,PG0,cpu,_r03,False
300,81,7,2,19620,PG0,cpu,_r03,False
301,122,7,2,75095,PG0,cpu,_r03,False
302,87,6,2,67395,PG0,cpu,_r03,False
303,67,8,1,31491,PG0,cpu,_r03,False
304,60,6,1,18249,PG0,cpu,_r03,False
305,85,8,1,57943,PG0,cpu,_r03,False
306,84,7,2,61886,PG0,cpu,_r03,False
307,97,8,3,21982,PG0,cpu,_r03,False
308,113,11,2,58818,PG0,cpu,_r03,False
309,81,7,2,36325,PG0,cpu,_r03,False
310,75,6,2,30492,PG0,cpu,_r03,False
311,52,6,1,8279,PG0,cpu,_r03,False
312,70,6,2,30214,PG0,cpu,_r03,False
313,69,8,1,7679,PG0,cpu,_r03,False
314,88,6,2,104965,PG0,cpu,_r03,False
315,101,6,2,34118,PG0,cpu,_r03,False
316,96,9,2,66746,PG0,cpu,_r03,False
317,68,6,2,27330,PG0,cpu,_r03,False
318,72,6,2,30352,PG0,cpu,_r03,False
319,57,9,0,1225,PG0,cpu,_r03,False
320,74,7,6,50629,PG0,cpu,_r03,False
321,86,6,2,52523,PG0,cpu,_r03,False
322,111,6,2,226016,PG0,cpu,_r03,False
323,119,8,2,74989,PG0,cpu,_r03,False
324,126,9,2,84614,PG0,cpu,_r03,False
325,87,8,1,23858,PG0,cpu,_r03,False
326,82,8,2,51736,PG0,cpu,_r03,False
327,33,4,0,3061,PG0,cpu,_r03,False
328,71,8,2,30503,PG0,cpu,_r03,False
329,79,9,1,19595,PG0,cpu,_r03,False
330,224,14,4,85838,PG0,cpu,_r03,False
331,77,9,2,37825,PG0,cpu,_r03,False
332,84,6,2,38836,PG0,cpu,_r03,False
333,83,6,2,37540,PG0,cpu,_r03,False
334,73,6,2,27224,PG0,cpu,_r03,False
335,75,6,3,31495,PG0,cpu,_r03,False
336,65,6,2,27264,PG0,cpu,_r03,False
337,87,6,2,38135,PG0,cpu,_r03,False
338,92,6,2,57838,PG0,cpu,_r03,False
339,74,6,1,20147,PG0,cpu,_r03,False
340,82,6,2,52463,PG0,cpu,_r03,False
341,120,8,3,106413,PG0,cpu,_r03,False
342,100,9,2,37751,PG0,cpu,_r03,False
343,64,7,2,26074,PG0,cpu,_r03,False
344,89,6,2,93330,PG0,cpu,_r03,False
345,113,8,2,152092,PG0,cpu,_r03,False
346,91,6,2,48126,PG0,cpu,_r03,False
347,87,6,2,46517,PG0,cpu,_r03,False
348,108,7,4,68801,PG0,cpu,_r03,False
349,89,9,2,74539,PG0,cpu,_r03,False
350,114,7,2,100585,PG0,cpu,_r03,False
351,115,9,2,29734,PG0,cpu,_r03,False
352,98,7,2,53187,PG0,cpu,_r03,False
353,96,6,2,62194,PG0,cpu,_r03,False
354,77,6,2,32906,PG0,cpu,_r03,False
355,87,6,3,32860,PG0,cpu,_r03,False
356,72,6,1,29351,PG0,cpu,_r03,False
357,62,5,2,34805,PG0,cpu,_r03,False
358,75,6,2,24709,PG0,cpu,_r03,False
359,102,9,2,37295,PG0,cpu,_r03,False
360,76,6,2,39673,PG0,cpu,_r03,False
361,60,7,2,30536,PG0,cpu,_r03,False
362,68,8,2,34148,PG0,cpu,_r03,False
363,57,6,2,14585,PG0,cpu,_r03,False
364,82,7,2,28867,PG0,cpu,_r03,False
365,191,14,2,260058,PG0,cpu,_r03,False
366,87,6,2,61694,PG0,cpu,_r03,False
367,76,6,2,28284,PG0,cpu,_r03,False
368,131,9,2,44911,PG0,cpu,_r03,False
369,95,8,1,55290,PG0,cpu,_r03,False
370,109,7,7,46263,PG0,cpu,_r03,False
371,80,7,1,17938,PG0,cpu,_r03,False
372,272,13,6,426049,PG0,cpu,_r03,False
373,93,6,2,47363,PG0,cpu,_r03,False
374,77,7,2,30715,PG0,cpu,_r03,False
375,73,6,2,30297,PG0,cpu,_r03,False
376,129,8,2,134634,PG0,cpu,_r03,False
377,84,8,2,18511,PG0,cpu,_r03,False
378,155,8,2,102999,PG0,cpu,_r03,False
379,65,6,2,37478,PG0,cpu,_r03,False
380,67,7,2,38903,PG0,cpu,_r03,False
381,132,9,1,154981,PG0,cpu,_r03,False
382,114,7,2,53942,PG0,cpu,_r03,False
383,101,8,2,60302,PG0,cpu,_r03,False
384,54,4,1,39707,PG0,cpu,_r03,False
385,101,10,2,59000,PG0,cpu,_r03,False
386,79,9,1,12492,PG0,cpu,_r03,False
387,109,8,4,70400,PG0,cpu,_r03,False
388,83,8,1,20969,PG0,cpu,_r03,False
389,106,9,2,62824,PG0,cpu,_r03,False
390,108,12,3,36007,PG0,cpu,_r03,False
391,60,7,1,31019,PG0,cpu,_r03,False
392,85,8,2,29576,PG0,cpu,_r03,False
393,43,5,2,14823,PG0,cpu,_r03,False
394,53,6,2,17298,PG0,cpu,_r03,False
395,77,6,2,36536,PG0,cpu,_r03,False
396,22,3,1,4873,PG0,cpu,_r03,False
397,190,8,2,680362,PG0,cpu,_r03,False
398,81,8,2,33557,PG0,cpu,_r03,False
399,98,6,1,39351,PG0,cpu,_r03,False
400,91,7,2,62802,PG0,cpu,_r03,False
401,4,1,0,150,PG0,cpu,_r03,False
402,64,5,2,23564,PG0,cpu,_r03,False
403,81,7,2,31051,PG0,cpu,_r03,False
404,60,6,1,10511,PG0,cpu,_r03,False
405,90,9,2,62410,PG0,cpu,_r03,False
406,77,6,2,61081,PG0,cpu,_r03,False
407,75,7,2,30919,PG0,cpu,_r03,False
408,56,7,0,1212,PG0,cpu,_r03,False
409,93,8,2,57944,PG0,cpu,_r03,False
410,90,8,2,40137,PG0,cpu,_r03,False
411,70,5,2,36305,PG0,cpu,_r03,False
412,71,6,2,21513,PG0,cpu,_r03,False
413,71,7,2,30867,PG0,cpu,_r03,False
414,94,6,2,75141,PG0,cpu,_r03,False
415,73,7,1,19016,PG0,cpu,_r03,False
416,91,9,1,46240,PG0,cpu,_r03,False
417,79,6,2,56193,PG0,cpu,_r03,False
418,74,6,2,30419,PG0,cpu,_r03,False
419,76,5,2,52446,PG0,cpu,_r03,False
420,96,6,1,45596,PG0,cpu,_r03,False
421,126,9,1,112332,PG0,cpu,_r03,False
422,47,4,2,28424,PG0,cpu,_r03,False
423,94,6,2,171760,PG0,cpu,_r03,False
424,72,6,2,15397,PG0,cpu,_r03,False
425,103,8,2,42345,PG0,cpu,_r03,False
426,178,16,4,97127,PG0,cpu,_r03,False
427,63,6,2,22437,PG0,cpu,_r03,False
428,65,7,2,23053,PG0,cpu,_r03,False
429,75,6,2,43495,PG0,cpu,_r03,False
430,129,10,2,120464,PG0,cpu,_r03,False
431,47,3,1,21889,PG0,cpu,_r03,False
432,66,6,2,27497,PG0,cpu,_r03,False
433,88,7,3,55004,PG0,cpu,_r03,False
434,45,5,2,10791,PG0,cpu,_r03,False
435,60,6,2,8946,PG0,cpu,_r03,False
436,69,6,2,33814,PG0,cpu,_r03,False
437,83,7,2,39630,PG0,cpu,_r03,False
438,75,7,2,32507,PG0,cpu,_r03,False
439,134,6,2,321361,PG0,cpu,_r03,False
440,48,5,2,15053,PG0,cpu,_r03,False
441,59,5,1,28531,PG0,cpu,_r03,False
442,70,8,2,27128,PG0,cpu,_r03,False
443,48,6,3,16271,PG0,cpu,_r03,False
444,92,8,2,46610,PG0,cpu,_r03,False
445,87,10,2,53283,PG0,cpu,_r03,False
446,91,9,2,30453,PG0,cpu,_r03,False
447,86,6,2,39031,PG0,cpu,_r03,False
448,79,8,3,60586,PG0,cpu,_r03,False
449,95,6,2,47528,PG0,cpu,_r03,False
450,136,13,1,56059,PG0,cpu,_r03,False
451,116,10,2,19808,PG0,cpu,_r03,False
452,124,9,2,106940,PG0,cpu,_r03,False
453,123,9,2,56586,PG0,cpu,_r03,False
454,98,10,2,62783,PG0,cpu,_r03,False
455,70,7,2,54165,PG0,cpu,_r03,False
456,180,12,5,571527,PG0,cpu,_r03,False
457,62,5,2,31939,PG0,cpu,_r03,False
458,87,7,3,41551,PG0,cpu,_r03,False
459,138,6,2,269928,PG0,cpu,_r03,False
460,104,10,2,74114,PG0,cpu,_r03,False
461,116,12,1,57760,PG0,cpu,_r03,False
462,108,10,2,177594,PG0,cpu,_r03,False
463,71,6,2,26957,PG0,cpu,_r03,False
464,73,7,2,30475,PG0,cpu,_r03,False
465,89,6,2,60616,PG0,cpu,_r03,False
466,108,6,2,102358,PG0,cpu,_r03,False
467,71,8,2,42538,PG0,cpu,_r03,False
468,103,7,2,40129,PG0,cpu,_r03,False
469,71,8,2,34632,PG0,cpu,_r03,False
470,261,12,7,478499,PG0,cpu,_r03,False
471,67,6,2,52461,PG0,cpu,_r03,False
472,100,9,2,47684,PG0,cpu,_r03,False
473,72,8,2,38166,PG0,cpu,_r03,False
474,101,10,2,38177,PG0,cpu,_r03,False
475,133,10,2,106687,PG0,cpu,_r03,False
476,81,9,3,24319,PG0,cpu,_r03,False
477,109,9,3,72541,PG0,cpu,_r03,False
478,119,8,2,40733,PG0,cpu,_r03,False
479,120,10,1,42183,PG0,cpu,_r03,False
480,118,6,3,82642,PG0,cpu,_r03,False
481,84,7,2,35079,PG0,cpu,_r03,False
482,94,6,2,49280,PG0,cpu,_r03,False
483,64,6,2,24826,PG0,cpu,_r03,False
484,116,6,2,54588,PG0,cpu,_r03,False
485,254,8,1,471044,PG0,cpu,_r03,False
486,48,6,3,15669,PG0,cpu,_r03,False
487,110,7,2,116241,PG0,cpu,_r03,False
488,49,4,1,51428,PG0,cpu,_r03,False
489,76,7,2,30304,PG0,cpu,_r03,False
490,86,7,3,42240,PG0,cpu,_r03,False
491,77,6,2,24159,PG0,cpu,_r03,False
492,112,9,4,49838,PG0,cpu,_r03,False
493,55,6,2,30642,PG0,cpu,_r03,False
494,74,7,2,31004,PG0,cpu,_r03,False
495,112,6,1,123641,PG0,cpu,_r03,False
496,70,6,2,30967,PG0,cpu,_r03,False
497,98,10,2,92530,PG0,cpu,_r03,False
498,72,6,2,60290,PG0,cpu,_r03,False
499,82,6,2,63965,PG0,cpu,_r03,False
